product_code,variant_code,primary_color,color,size,type,style,age,gender,current_old,range,NOOS
5060998008032,5060998008032,black,Black,L,Bottle,apparel,adult,mens,1,,
PG001,PG001-M0-BAI,white,White,M0,belt,gi,kids,mens,1,,
PG001,PG001-M00-BAI,white,White,M00,belt,gi,kids,mens,1,,
PG001,PG001-M000-BAI,white,White,M000,belt,gi,kids,mens,1,,
PG001,PG001-M1-BAI,white,White,M1,belt,gi,kids,mens,1,,
PG001,PG001-M2-BAI,white,White,M2,belt,gi,kids,mens,1,,
PG001,PG001-M3-BAI,white,White,M3,belt,gi,kids,mens,1,,
PG001,PG001-M4-BAI,white,White,M4,belt,gi,kids,mens,1,,
PG002,PG002-A0-HEI,black,Black,A0,gi,gi,adult,mens,0,,
PG002,PG002-A1-HEI,black,Black,A1,gi,gi,adult,mens,0,,
PG002,PG002-A1L-HEI,black,Black,A1L,gi,gi,adult,mens,0,,
PG002,PG002-A2-HEI,black,Black,A2,gi,gi,adult,mens,0,,
PG002,PG002-A2L-HEI,black,Black,A2L,gi,gi,adult,mens,0,,
PG002,PG002-F0-HEI,black,Black,F0,gi,gi,adult,womens,0,,
PG002,PG002-F1-HEI,black,Black,F1,gi,gi,adult,womens,0,,
PG002,PG002-F2-HEI,black,Black,F2,gi,gi,adult,womens,0,,
PG002,PG002-A0-LAN,blue,Blue,A0,gi,gi,adult,mens,0,,
PG002,PG002-A1-LAN,blue,Blue,A1,gi,gi,adult,mens,0,,
PG002,PG002-A1L-LAN,blue,Blue,A1L,gi,gi,adult,mens,0,,
PG002,PG002-A2-LAN,blue,Blue,A2,gi,gi,adult,mens,0,,
PG002,PG002-A2L-LAN,blue,Blue,A2L,gi,gi,adult,mens,0,,
PG002,PG002-F0-LAN,blue,Blue,F0,gi,gi,adult,womens,0,,
PG002,PG002-F1-LAN,blue,Blue,F1,gi,gi,adult,womens,0,,
PG002,PG002-F2-LAN,blue,Blue,F2,gi,gi,adult,womens,0,,
PG002,PG002-A0-BAI,white,White,A0,gi,gi,adult,mens,0,,
PG002,PG002-A1-BAI,white,White,A1,gi,gi,adult,mens,0,,
PG002,PG002-A1L-BAI,white,White,A1L,gi,gi,adult,mens,0,,
PG002,PG002-A2-BAI,white,White,A2,gi,gi,adult,mens,0,,
PG002,PG002-A2L-BAI,white,White,A2L,gi,gi,adult,mens,0,,
PG002,PG002-F0-BAI,white,White,F0,gi,gi,adult,womens,0,,
PG002,PG002-F1-BAI,white,White,F1,gi,gi,adult,womens,0,,
PG002,PG002-F2-BAI,white,White,F2,gi,gi,adult,womens,0,,
PG003,PG003--A0-LAN,blue,Blue,A0,belt,gi,adult,mens,1,,
PG003,PG003--A1-LAN,blue,Blue,A1,belt,gi,adult,mens,1,,
PG003,PG003-A1-HEI,black,black,A1,belt,gi,adult,mens,1,,
PG003,PG003-A2-HEI,black,black,A2,belt,gi,adult,mens,1,,
PG003,PG003-A3-HEI,black,black,A3,belt,gi,adult,mens,1,,
PG003,PG003--A2-LAN,blue,Blue,A2,belt,gi,adult,mens,1,,
PG003,PG003--A3-LAN,blue,Blue,A3,belt,gi,adult,mens,1,,
PG003,PG003--A0-ZONG,brown,Brown,A0,belt,gi,adult,mens,1,,
PG003,PG003--A1-ZONG,brown,Brown,A1,belt,gi,adult,mens,1,,
PG003,PG003--A2-ZONG,brown,Brown,A2,belt,gi,adult,mens,1,,
PG003,PG003--A3-ZONG,brown,Brown,A3,belt,gi,adult,mens,1,,
PG003,PG003--A0-ZI,purple,Purple,A0,belt,gi,adult,mens,1,,
PG003,PG003--A1-ZI,purple,Purple,A1,belt,gi,adult,mens,1,,
PG003,PG003--A2-ZI,purple,Purple,A2,belt,gi,adult,mens,1,,
PG003,PG003--A3-ZI,purple,Purple,A3,belt,gi,adult,mens,1,,
PG003,PG003--A1-BAI,white,White,A1,belt,gi,adult,mens,1,,
PG003,PG003--A2-BAI,white,White,A2,belt,gi,adult,mens,1,,
PG003,PG003--A3-BAI,white,White,A3,belt,gi,adult,mens,1,,
PG003,PG003-A0-BAI,white,White,A0,belt,gi,adult,mens,1,,
PG003,PG003-A1L-BAI,white,White,A1L,belt,gi,adult,mens,1,,
PG003,PG003-A2L-BAI,white,White,A2L,belt,gi,adult,mens,1,,
PG003,PG003-F1-BAI,white,White,F1,belt,gi,adult,mens,1,,
PG003,PG003-F2-BAI,white,White,F2,belt,gi,adult,mens,1,,
PG003,PG003-F3-BAI,white,White,F3,belt,gi,adult,mens,1,,
PG004,PG004-B-L-CHINA,red,Red,L,spats,nogi,adult,mens,0,,
PG004,PG004-B-M-CHINA,red,Red,M,spats,nogi,adult,mens,0,,
PG004,PG004-B-S-CHINA,red,Red,S,spats,nogi,adult,mens,0,,
PG004,PG004-B-XL-CHINA,red,Red,XL,spats,nogi,adult,mens,0,,
PG004,PG004-B-XS-CHINA,red,Red,XS,spats,nogi,adult,mens,0,,
PG004,PG004-T-L-CHINA,red,Red,L,rashguard,nogi,adult,mens,0,,
PG004,PG004-T-M-CHINA,red,Red,M,rashguard,nogi,adult,mens,0,,
PG004,PG004-T-S-CHINA,red,Red,S,rashguard,nogi,adult,mens,0,,
PG004,PG004-T-XL-CHINA,red,Red,XL,rashguard,nogi,adult,mens,0,,
PG004,PG004-T-XS-CHINA,red,Red,XS,rashguard,nogi,adult,mens,0,,
PG006,PG006-TEMPLE-A0,white,White,A0,gi,gi,adult,mens,0,,
PG006,PG006-TEMPLE-A1,white,White,A1,gi,gi,adult,mens,0,,
PG006,PG006-TEMPLE-A1L,white,White,A1L,gi,gi,adult,mens,0,,
PG006,PG006-TEMPLE-A2,white,White,A2,gi,gi,adult,mens,0,,
PG006,PG006-TEMPLE-A2L,white,White,A2L,gi,gi,adult,mens,0,,
PG006,PG006-TEMPLE-F1,white,White,F1,gi,gi,adult,womens,0,,
PG006,PG006-TEMPLE-F2,white,White,F2,gi,gi,adult,womens,0,,
PG007,PG007-DK-GRAN-L,pattern,Granite,L,shorts,nogi,adult,mens,0,,
PG007,PG007-DK-GRAN-M,pattern,Granite,M,shorts,nogi,adult,mens,0,,
PG007,PG007-DK-GRAN-S,pattern,Granite,S,shorts,nogi,adult,mens,0,,
PG007,PG007-DK-GRAN-XL,pattern,Granite,XL,shorts,nogi,adult,mens,0,,
PG007,PG007-DK-GRAN-XS,pattern,Granite,XS,shorts,nogi,adult,mens,0,,
PG007,PG007-RG-GRAN-L,pattern,Granite,L,rashguard,nogi,adult,mens,0,,
PG007,PG007-RG-GRAN-M,pattern,Granite,M,rashguard,nogi,adult,mens,0,,
PG007,PG007-RG-GRAN-S,pattern,Granite,S,rashguard,nogi,adult,mens,0,,
PG007,PG007-RG-GRAN-XL,pattern,Granite,XL,rashguard,nogi,adult,mens,0,,
PG007,PG007-RG-GRAN-XS,pattern,Granite,XS,rashguard,nogi,adult,mens,0,,
PG007,PG007-DK-LAKE-L,pattern,Lake,L,shorts,nogi,adult,mens,0,,
PG007,PG007-DK-LAKE-M,pattern,Lake,M,shorts,nogi,adult,mens,0,,
PG007,PG007-DK-LAKE-S,pattern,Lake,S,shorts,nogi,adult,mens,0,,
PG007,PG007-DK-LAKE-XL,pattern,Lake,XL,shorts,nogi,adult,mens,0,,
PG007,PG007-DK-LAKE-XS,pattern,Lake,XS,shorts,nogi,adult,mens,0,,
PG007,PG007-DK-TIEDIE-L,pattern,Lake,L,shorts,nogi,adult,mens,0,,
PG007,PG007-DK-TIEDIE-M,pattern,Lake,M,shorts,nogi,adult,mens,0,,
PG007,PG007-DK-TIEDIE-S,pattern,Lake,S,shorts,nogi,adult,mens,0,,
PG007,PG007-DK-TIEDIE-XL,pattern,Lake,XL,shorts,nogi,adult,mens,0,,
PG007,PG007-DK-TIEDIE-XS,pattern,Lake,XS,shorts,nogi,adult,mens,0,,
PG007,PG007-RG-LAKE-L,pattern,Lake,L,rashguard,nogi,adult,mens,0,,
PG007,PG007-RG-LAKE-M,pattern,Lake,M,rashguard,nogi,adult,mens,0,,
PG007,PG007-RG-LAKE-S,pattern,Lake,S,rashguard,nogi,adult,mens,0,,
PG007,PG007-RG-LAKE-XL,pattern,Lake,XL,rashguard,nogi,adult,mens,0,,
PG007,PG007-RG-LAKE-XS,pattern,Lake,XS,rashguard,nogi,adult,mens,0,,
PG007,PG007-RG-TIEDIE-L,pattern,Lake,L,rashguard,nogi,adult,mens,0,,
PG007,PG007-RG-TIEDIE-M,pattern,Lake,M,rashguard,nogi,adult,mens,0,,
PG007,PG007-RG-TIEDIE-S,pattern,Lake,S,rashguard,nogi,adult,mens,0,,
PG007,PG007-RG-TIEDIE-XL,pattern,Lake,XL,rashguard,nogi,adult,mens,0,,
PG007,PG007-RG-TIEDIE-XS,pattern,Lake,XS,rashguard,nogi,adult,mens,0,,
PG007,PG007-DK-SPACE-L,pattern,Stars,L,shorts,nogi,adult,mens,0,,
PG007,PG007-DK-SPACE-M,pattern,Stars,M,shorts,nogi,adult,mens,0,,
PG007,PG007-DK-SPACE-S,pattern,Stars,S,shorts,nogi,adult,mens,0,,
PG007,PG007-DK-SPACE-XL,pattern,Stars,XL,shorts,nogi,adult,mens,0,,
PG007,PG007-DK-SPACE-XS,pattern,Stars,XS,shorts,nogi,adult,mens,0,,
PG007,PG007-RG-SPACE-L,pattern,Stars,L,rashguard,nogi,adult,mens,0,,
PG007,PG007-RG-SPACE-M,pattern,Stars,M,rashguard,nogi,adult,mens,0,,
PG007,PG007-RG-SPACE-S,pattern,Stars,S,rashguard,nogi,adult,mens,0,,
PG007,PG007-RG-SPACE-XL,pattern,Stars,XL,rashguard,nogi,adult,mens,0,,
PG007,PG007-RG-SPACE-XS,pattern,Stars,XS,rashguard,nogi,adult,mens,0,,
PG008,PG008-DK-SPTG-L,black,Black,L,shorts,nogi,adult,mens,0,,
PG008,PG008-DK-SPTG-M,black,Black,M,shorts,nogi,adult,mens,0,,
PG008,PG008-DK-SPTG-S,black,Black,S,shorts,nogi,adult,mens,0,,
PG008,PG008-DK-SPTG-XL,black,Black,XL,shorts,nogi,adult,mens,0,,
PG008,PG008-DK-SPTG-XS,black,Black,XS,shorts,nogi,adult,mens,0,,
PG008,PG008-RG-SPTG-L,black,Black,L,rashguard,nogi,adult,mens,0,,
PG008,PG008-RG-SPTG-M,black,Black,M,rashguard,nogi,adult,mens,0,,
PG008,PG008-RG-SPTG-S,black,Black,S,rashguard,nogi,adult,mens,0,,
PG008,PG008-RG-SPTG-XL,black,Black,XL,rashguard,nogi,adult,mens,0,,
PG008,PG008-RG-SPTG-XS,black,Black,XS,rashguard,nogi,adult,mens,0,,
PG009,PG009-HEI-A0,black,Black,A0,gi,gi,adult,mens,0,,
PG009,PG009-HEI-A1,black,Black,A1,gi,gi,adult,mens,0,,
PG009,PG009-HEI-A1L,black,Black,A1L,gi,gi,adult,mens,0,,
PG009,PG009-HEI-A2,black,Black,A2,gi,gi,adult,mens,0,,
PG009,PG009-HEI-A2L,black,Black,A2L,gi,gi,adult,mens,0,,
PG009,PG009-HEI-A3,black,Black,A3,gi,gi,adult,mens,0,,
PG009,PG009-HEI-F1,black,Black,F1,gi,gi,adult,womens,0,,
PG009,PG009-HEI-F2,black,Black,F2,gi,gi,adult,womens,0,,
PG009,PG009-HEI-F3,black,Black,F3,gi,gi,adult,womens,0,,
PG009,PG009-LAN-A0,blue,Blue,A0,gi,gi,adult,mens,0,,
PG009,PG009-LAN-A1,blue,Blue,A1,gi,gi,adult,mens,0,,
PG009,PG009-LAN-A1L,blue,Blue,A1L,gi,gi,adult,mens,0,,
PG009,PG009-LAN-A2,blue,Blue,A2,gi,gi,adult,mens,0,,
PG009,PG009-LAN-A2L,blue,Blue,A2L,gi,gi,adult,mens,0,,
PG009,PG009-LAN-A3,blue,Blue,A3,gi,gi,adult,mens,0,,
PG009,PG009-LAN-F1,blue,Blue,F1,gi,gi,adult,womens,0,,
PG009,PG009-LAN-F2,blue,Blue,F2,gi,gi,adult,womens,0,,
PG009,PG009-BAI-A0,white,White,A0,gi,gi,adult,mens,0,,
PG009,PG009-BAI-A1,white,White,A1,gi,gi,adult,mens,0,,
PG009,PG009-BAI-A1L,white,White,A1L,gi,gi,adult,mens,0,,
PG009,PG009-BAI-A2,white,White,A2,gi,gi,adult,mens,0,,
PG009,PG009-BAI-A2L,white,White,A2L,gi,gi,adult,mens,0,,
PG009,PG009-BAI-A3,white,White,A3,gi,gi,adult,mens,0,,
PG009,PG009-BAI-F1,white,White,F1,gi,gi,adult,mens,0,,
PG009,PG009-BAI-F2,white,White,F2,gi,gi,adult,mens,0,,
PG009,PG009-BAI-F3,white,White,F3,gi,gi,adult,mens,0,,
PG010,PG010-L,black,Black,L,rashguard,nogi,adult,mens,0,,
PG010,PG010-M,black,Black,M,rashguard,nogi,adult,mens,0,,
PG010,PG010-S,black,Black,S,rashguard,nogi,adult,mens,0,,
PG010,PG010-XL,black,Black,XL,rashguard,nogi,adult,mens,0,,
PG010,PG010-XS,black,Black,XS,rashguard,nogi,adult,mens,0,,
PG010,PG010-RANK-LAN-L,blue,Blue,L,rashguard,nogi,adult,mens,0,,
PG010,PG010-RANK-LAN-M,blue,Blue,M,rashguard,nogi,adult,mens,0,,
PG010,PG010-RANK-LAN-S,blue,Blue,S,rashguard,nogi,adult,mens,0,,
PG010,PG010-RANK-LAN-XL,blue,Blue,XL,rashguard,nogi,adult,mens,0,,
PG010,PG010-RANK-ZON-L,brown,Brown,L,rashguard,nogi,adult,mens,0,,
PG010,PG010-RANK-ZON-M,brown,Brown,M,rashguard,nogi,adult,mens,0,,
PG010,PG010-RANK-ZON-S,brown,Brown,S,rashguard,nogi,adult,mens,0,,
PG010,PG010-RANK-ZON-XL,brown,Brown,XL,rashguard,nogi,adult,mens,0,,
PG010,PG010-RANK-ZI-L,purple,Purple,L,rashguard,nogi,adult,mens,0,,
PG010,PG010-RANK-ZI-M,purple,Purple,M,rashguard,nogi,adult,mens,0,,
PG010,PG010-RANK-ZI-S,purple,Purple,S,rashguard,nogi,adult,mens,0,,
PG010,PG010-RANK-ZI-XL,purple,Purple,XL,rashguard,nogi,adult,mens,0,,
PG010,PG010-RANK-BAI-L,white,White,L,rashguard,nogi,adult,mens,0,,
PG010,PG010-RANK-BAI-M,white,White,M,rashguard,nogi,adult,mens,0,,
PG010,PG010-RANK-BAI-S,white,White,S,rashguard,nogi,adult,mens,0,,
PG010,PG010-RANK-BAI-XL,white,White,XL,rashguard,nogi,adult,mens,0,,
PG011,PG011-A0-HEI,black,Black,A0,gi,gi,adult,mens,1,Academy,1
PG011,PG011-A1-HEI,black,Black,A1,gi,gi,adult,mens,1,Academy,1
PG011,PG011-A1L-HEI,black,Black,A1L,gi,gi,adult,mens,1,Academy,1
PG011,PG011-A2-HEI,black,Black,A2,gi,gi,adult,mens,1,Academy,1
PG011,PG011-A2L-HEI,black,Black,A2L,gi,gi,adult,mens,1,Academy,1
PG011,PG011-A3-HEI,black,Black,A3,gi,gi,adult,mens,1,Academy,1
PG011,PG011-A4-HEI,black,Black,A4,gi,gi,adult,mens,1,Academy,1
PG011,PG011-F1-HEI,black,Black,F1,gi,gi,adult,womens,1,Academy,1
PG011,PG011-F2-HEI,black,Black,F2,gi,gi,adult,womens,1,Academy,1
PG011,PG011-F3-HEI,black,Black,F3,gi,gi,adult,womens,1,Academy,1
PG011,PG011-A0-LAN,blue,Blue,A0,gi,gi,adult,mens,1,Academy,1
PG011,PG011-A1-LAN,blue,Blue,A1,gi,gi,adult,mens,1,Academy,1
PG011,PG011-A1L-LAN,blue,Blue,A1L,gi,gi,adult,mens,1,Academy,1
PG011,PG011-A2-LAN,blue,Blue,A2,gi,gi,adult,mens,1,Academy,1
PG011,PG011-A2L-LAN,blue,Blue,A2L,gi,gi,adult,mens,1,Academy,1
PG011,PG011-A3-LAN,blue,Blue,A3,gi,gi,adult,mens,1,Academy,1
PG011,PG011-F1-LAN,blue,Blue,F1,gi,gi,adult,womens,1,Academy,1
PG011,PG011-F2-LAN,blue,Blue,F2,gi,gi,adult,womens,1,Academy,1
PG011,PG011-F3-LAN,blue,Blue,F3,gi,gi,adult,womens,1,Academy,1
PG011,PG011-A0-BAI,white,White,A0,gi,gi,adult,mens,1,Academy,1
PG011,PG011-A1-BAI,white,White,A1,gi,gi,adult,mens,1,Academy,1
PG011,PG011-A1L-BAI,white,White,A1L,gi,gi,adult,mens,1,Academy,1
PG011,PG011-A2-BAI,white,White,A2,gi,gi,adult,mens,1,Academy,1
PG011,PG011-A2L-BAI,white,White,A2L,gi,gi,adult,mens,1,Academy,1
PG011,PG011-A3-BAI,white,White,A3,gi,gi,adult,mens,1,Academy,1
PG011,PG011-F1-BAI,white,White,F1,gi,gi,adult,womens,1,Academy,1
PG011,PG011-F2-BAI,white,White,F2,gi,gi,adult,womens,1,Academy,1
PG011,PG011-F3-BAI,white,White,F3,gi,gi,adult,womens,1,Academy,1
PG012,PG012-M0-HEI,black,Black,M0,gi,gi,kids,mens,1,Academy,1
PG012,PG012-M00-HEI,black,Black,M00,gi,gi,kids,mens,1,Academy,1
PG012,PG012-M000-HEI,black,Black,M000,gi,gi,kids,mens,1,Academy,1
PG012,PG012-M1-HEI,black,Black,M1,gi,gi,kids,mens,1,Academy,1
PG012,PG012-M2-HEI,black,Black,M2,gi,gi,kids,mens,1,Academy,1
PG012,PG012-M3-HEI,black,Black,M3,gi,gi,kids,mens,1,Academy,1
PG012,PG012-M4-HEI,black,Black,M4,gi,gi,kids,mens,1,Academy,1
PG012,PG012-M0-LAN,blue,Blue,M0,gi,gi,kids,mens,1,Academy,1
PG012,PG012-M00-LAN,blue,Blue,M00,gi,gi,kids,mens,1,Academy,1
PG012,PG012-M000-LAN,blue,Blue,M000,gi,gi,kids,mens,1,Academy,1
PG012,PG012-M1-LAN,blue,Blue,M1,gi,gi,kids,mens,1,Academy,1
PG012,PG012-M2-LAN,blue,Blue,M2,gi,gi,kids,mens,1,Academy,1
PG012,PG012-M3-LAN,blue,Blue,M3,gi,gi,kids,mens,1,Academy,1
PG012,PG012-M4-LAN,blue,Blue,M4,gi,gi,kids,mens,1,Academy,1
PG012,PG012-M0-BAI,white,White,M0,gi,gi,kids,mens,1,Academy,1
PG012,PG012-M00-BAI,white,White,M00,gi,gi,kids,mens,1,Academy,1
PG012,PG012-M000-BAI,white,White,M000,gi,gi,kids,mens,1,Academy,1
PG012,PG012-M1-BAI,white,White,M1,gi,gi,kids,mens,1,Academy,1
PG012,PG012-M2-BAI,white,White,M2,gi,gi,kids,mens,1,Academy,1
PG012,PG012-M3-BAI,white,White,M3,gi,gi,kids,mens,1,Academy,1
PG012,PG012-M4-BAI,white,White,M4,gi,gi,kids,mens,1,Academy,1
PG013,PG013-L,black,Black,L,tee,apparel,adult,mens,1,,
PG013,PG013-M,black,Black,M,tee,apparel,adult,mens,1,,
PG013,PG013-S,black,Black,S,tee,apparel,adult,mens,1,,
PG013,PG013-XL,black,Black,XL,tee,apparel,adult,mens,1,,
PG013,PG013-XS,black,Black,XS,tee,apparel,adult,mens,1,,
PG014,PG014-L,white,White,L,tee,apparel,adult,mens,1,,
PG014,PG014-M,white,White,M,tee,apparel,adult,mens,1,,
PG014,PG014-S,white,White,S,tee,apparel,adult,mens,1,,
PG014,PG014-XL,white,White,XL,tee,apparel,adult,mens,1,,
PG014,PG014-XS,white,White,XS,tee,apparel,adult,mens,1,,
PG015,PG015-L,black,Black,L,crewneck,apparel,adult,mens,1,,
PG015,PG015-M,black,Black,M,crewneck,apparel,adult,mens,1,,
PG015,PG015-S,black,Black,S,crewneck,apparel,adult,mens,1,,
PG015,PG015-XL,black,Black,XL,crewneck,apparel,adult,mens,1,,
PG015,PG015-XS,black,Black,XS,crewneck,apparel,adult,mens,1,,
PG016,PG016-L,black,Black,L,rashguard,nogi,adult,mens,0,,
PG016,PG016-M,black,Black,M,rashguard,nogi,adult,mens,0,,
PG016,PG016-S,black,Black,S,rashguard,nogi,adult,mens,0,,
PG016,PG016-XL,black,Black,XL,rashguard,nogi,adult,mens,0,,
PG016,PG016-XS,black,Black,XS,rashguard,nogi,adult,mens,0,,
PG017,PG017-L,black,Black,L,rashguard,nogi,adult,mens,0,,
PG017,PG017-M,black,Black,M,rashguard,nogi,adult,mens,0,,
PG017,PG017-S,black,Black,S,rashguard,nogi,adult,mens,0,,
PG017,PG017-XL,black,Black,XL,rashguard,nogi,adult,mens,0,,
PG017,PG017-XS,black,Black,XS,rashguard,nogi,adult,mens,0,,
PG018,PG018-L,black,Black,L,rashguard,nogi,adult,mens,0,,
PG018,PG018-M,black,Black,M,rashguard,nogi,adult,mens,0,,
PG018,PG018-XL,black,Black,XL,rashguard,nogi,adult,mens,0,,
PG018,PG018-XS,black,Black,XS,rashguard,nogi,adult,mens,0,,
PG018,PG018S,black,Black,S,rashguard,nogi,adult,mens,0,,
PG019,PG019-L,black,Black,L,rashguard,nogi,adult,mens,0,,
PG019,PG019-M,black,Black,M,rashguard,nogi,adult,mens,0,,
PG019,PG019-S,black,Black,S,rashguard,nogi,adult,mens,0,,
PG019,PG019-XL,black,Black,XL,rashguard,nogi,adult,mens,0,,
PG019,PG019-XS,black,Black,XS,rashguard,nogi,adult,mens,0,,
PG020,PG020-A0-HEI,black,Black,A0,gi,gi,adult,mens,1,,
PG020,PG020-A1-HEI,black,Black,A1,gi,gi,adult,mens,1,,
PG020,PG020-A1L-HEI,black,Black,A1L,gi,gi,adult,mens,1,,
PG020,PG020-A2-HEI,black,Black,A2,gi,gi,adult,mens,1,,
PG020,PG020-A2L-HEI,black,Black,A2L,gi,gi,adult,mens,1,,
PG020,PG020-A3-HEI,black,Black,A3,gi,gi,adult,mens,1,,
PG020,PG020-F1-HEI,black,Black,F1,gi,gi,adult,womens,1,,
PG020,PG020-F2-HEI,black,Black,F2,gi,gi,adult,womens,1,,
PG020,PG020-A0-LAN,blue,Blue,A0,gi,gi,adult,mens,1,,
PG020,PG020-A1-LAN,blue,Blue,A1,gi,gi,adult,mens,1,,
PG020,PG020-A2-LAN,blue,Blue,A2,gi,gi,adult,mens,1,,
PG020,PG020-F1-LAN,blue,Blue,F1,gi,gi,adult,womens,1,,
PG020,PG020-F2-LAN,blue,Blue,F2,gi,gi,adult,womens,1,,
PG020,PG020-A0-BAI,white,White,A0,gi,gi,adult,mens,1,,
PG020,PG020-A1-BAI,white,White,A1,gi,gi,adult,mens,1,,
PG020,PG020-A1L-BAI,white,White,A1L,gi,gi,adult,mens,1,,
PG020,PG020-A2-BAI,white,White,A2,gi,gi,adult,mens,1,,
PG020,PG020-A2L-BAI,white,White,A2L,gi,gi,adult,mens,1,,
PG020,PG020-F1-BAI,white,White,F1,gi,gi,adult,womens,1,,
PG020,PG020-F2-BAI,white,White,F2,gi,gi,adult,womens,1,,
PG021,PG021-L,black,Black,L,rashguard,nogi,adult,mens,0,,
PG021,PG021-M,black,Black,M,rashguard,nogi,adult,mens,0,,
PG021,PG021-S,black,Black,S,rashguard,nogi,adult,mens,0,,
PG021,PG021-XL,black,Black,XL,rashguard,nogi,adult,mens,0,,
PG021,PG021-XS,black,Black,XS,rashguard,nogi,adult,mens,0,,
PG022,PG022-L,black,Black,L,spats,nogi,adult,mens,0,,
PG022,PG022-M,black,Black,M,spats,nogi,adult,mens,0,,
PG022,PG022-S,black,Black,S,spats,nogi,adult,mens,0,,
PG022,PG022-XL,black,Black,XL,spats,nogi,adult,mens,0,,
PG022,PG022-XS,black,Black,XS,spats,nogi,adult,mens,0,,
PG023,PG023-F1,green,Teal,F1,gi,gi,adult,womens,0,,
PG023,PG023-F2,green,Teal,F2,gi,gi,adult,womens,0,,
PG024,4988129430138,black,Black,XS,shorts,nogi,adult,mens,0,,
PG024,4988129430139,black,Black,S,shorts,nogi,adult,mens,0,,
PG024,4988129430140,black,Black,M,shorts,nogi,adult,mens,0,,
PG024,4988129430141,black,Black,L,shorts,nogi,adult,mens,0,,
PG025,PG025-L,black,Black,L,shorts,nogi,adult,mens,0,,
PG025,PG025-M,black,Black,M,shorts,nogi,adult,mens,0,,
PG025,PG025-S,black,Black,S,shorts,nogi,adult,mens,0,,
PG025,PG025-XL,black,Black,XL,shorts,nogi,adult,mens,0,,
PG025,PG025-XS,black,Black,XS,shorts,nogi,adult,mens,0,,
PG026,PG026-A0-LAN,blue,Blue,A0,gi,gi,adult,mens,0,,
PG026,PG026-A1-LAN,blue,Blue,A1,gi,gi,adult,mens,0,,
PG026,PG026-A1L-LAN,blue,Blue,A1L,gi,gi,adult,mens,0,,
PG026,PG026-A2-LAN,blue,Blue,A2,gi,gi,adult,mens,0,,
PG026,PG026-A2L-LAN,blue,Blue,A2L,gi,gi,adult,mens,0,,
PG026,PG026-F1-LAN,blue,Blue,F1,gi,gi,adult,womens,0,,
PG026,PG026-F2-HEI,blue,Blue,A0,gi,gi,adult,womens,0,,
PG026,PG026-F2-LAN,blue,Blue,F2,gi,gi,adult,womens,0,,
PG027,PG027-A0-HEI,black,Black,A0,trousers,gi,adult,mens,1,,
PG027,PG027-A1-HEI,black,Black,A1,trousers,gi,adult,mens,1,,
PG027,PG027-A1L-HEI,black,Black,A0,trousers,gi,adult,mens,1,,
PG027,PG027-A2-HEI,black,Black,A2,trousers,gi,adult,mens,1,,
PG027,PG027-A3-HEI,black,Black,A3,trousers,gi,adult,mens,1,,
PG027,PG027-F1-HEI,black,Black,F1,trousers,gi,adult,womens,1,,
PG027,PG027-F2-HEI,black,Black,F2,trousers,gi,adult,womens,1,,
PG027,PG027-F3-HEI,black,Black,F3,trousers,gi,adult,womens,1,,
PG027,PG027-M1-HEI,black,Black,M1,trousers,gi,kids,mens,1,,
PG027,PG027-M2-HEI,black,Black,M2,trousers,gi,kids,mens,1,,
PG027,PG027-M3-HEI,black,Black,M3,trousers,gi,kids,mens,1,,
PG027,PG027-A0-LAN,blue,Blue,A0,trousers,gi,adult,mens,1,,
PG027,PG027-A1-LAN,blue,Blue,A1,trousers,gi,adult,mens,1,,
PG027,PG027-A1L-LAN,blue,Blue,A0,trousers,gi,adult,mens,1,,
PG027,PG027-A2-LAN,blue,Blue,A2,trousers,gi,adult,mens,1,,
PG027,PG027-A3-LAN,blue,Blue,A3,trousers,gi,adult,mens,1,,
PG027,PG027-F1-LAN,blue,Blue,F1,trousers,gi,adult,womens,1,,
PG027,PG027-F2-LAN,blue,Blue,F2,trousers,gi,adult,womens,1,,
PG027,PG027-F3-LAN,blue,Blue,F3,trousers,gi,adult,womens,1,,
PG027,PG027-A0-BAI,white,White,A0,trousers,gi,adult,mens,1,,
PG027,PG027-A1-BAI,white,White,A1,trousers,gi,adult,mens,1,,
PG027,PG027-A1L-BAI,white,White,A0,trousers,gi,adult,mens,1,,
PG027,PG027-A2-BAI,white,White,A2,trousers,gi,adult,mens,1,,
PG027,PG027-A3-BAI,white,White,A3,trousers,gi,adult,mens,1,,
PG027,PG027-F1-BAI,white,White,F1,trousers,gi,adult,womens,1,,
PG027,PG027-F2-BAI,white,White,F2,trousers,gi,adult,womens,1,,
PG027,PG027-F3-BAI,white,White,F3,trousers,gi,adult,womens,1,,
PG028,PG028-L,black,Black,L,rashguard,nogi,adult,mens,1,Academy,1
PG028,PG028-M,black,Black,M,rashguard,nogi,adult,mens,1,Academy,1
PG028,PG028-S,black,Black,S,rashguard,nogi,adult,mens,1,Academy,1
PG028,PG028-XL,black,Black,XL,rashguard,nogi,adult,mens,1,Academy,1
PG028,PG028-XS,black,Black,XS,rashguard,nogi,adult,mens,1,Academy,1
PG028,PG028-XXL,black,Black,XXL,rashguard,nogi,adult,mens,1,Academy,1
PG029,PG029-L,white,White,L,rashguard,nogi,adult,mens,1,Academy,1
PG029,PG029-M,white,White,M,rashguard,nogi,adult,mens,1,Academy,1
PG029,PG029-S,white,White,S,rashguard,nogi,adult,mens,1,Academy,1
PG029,PG029-XL,white,White,XL,rashguard,nogi,adult,mens,1,Academy,1
PG029,PG029-XS,white,White,XS,rashguard,nogi,adult,mens,1,Academy,1
PG029,PG029-XXL,white,White,XXL,rashguard,nogi,adult,mens,1,Academy,1
PG030,PG030-L,blue,Navy Blue,L,shorts,nogi,adult,mens,0,,
PG030,PG030-M,blue,Navy Blue,M,shorts,nogi,adult,mens,0,,
PG030,PG030-S,blue,Navy Blue,S,shorts,nogi,adult,mens,0,,
PG030,PG030-XL,blue,Navy Blue,XL,shorts,nogi,adult,mens,0,,
PG030,PG030-XS,blue,Navy Blue,XS,shorts,nogi,adult,mens,0,,
PG030,PG030-XXL,blue,Navy Blue,XXL,shorts,nogi,adult,mens,0,,
PG031,PG031-M,red,Red,M,rashguard,nogi,adult,mens,1,,
PG031,PG031-S,red,Red,S,rashguard,nogi,adult,mens,1,,
PG032,PG032-L,pink,Pink,L,rashguard,nogi,adult,womens,0,,
PG032,PG032-M,pink,Pink,M,rashguard,nogi,adult,womens,0,,
PG032,PG032-S,pink,Pink,S,rashguard,nogi,adult,womens,0,,
PG032,PG032-XL,pink,Pink,XL,rashguard,nogi,adult,womens,0,,
PG032,PG032-XS,pink,Pink,XS,rashguard,nogi,adult,womens,0,,
PG033,PG033-L,blue,Light Blue,L,rashguard,nogi,adult,womens,0,,
PG033,PG033-M,blue,Light Blue,M,rashguard,nogi,adult,womens,0,,
PG033,PG033-S,blue,Light Blue,S,rashguard,nogi,adult,womens,0,,
PG033,PG033-XL,blue,Light Blue,XL,rashguard,nogi,adult,womens,0,,
PG033,PG033-XS,blue,Light Blue,XS,rashguard,nogi,adult,womens,0,,
PG034,PG034-L,camo,Camo,L,spats,nogi,adult,mens,1,,
PG034,PG034-M,camo,Camo,M,spats,nogi,adult,mens,1,,
PG034,PG034-S,camo,Camo,S,spats,nogi,adult,mens,1,,
PG034,PG034-XL,camo,Camo,L,spats,nogi,adult,mens,1,,
PG034,PG034-XS,camo,Camo,XS,spats,nogi,adult,mens,1,,
PG035,PG035-HEI-L,black,Black,L,rashguard,nogi,adult,mens,0,,
PG035,PG035-HEI-M,black,Black,M,rashguard,nogi,adult,mens,0,,
PG035,PG035-HEI-S,black,Black,S,rashguard,nogi,adult,mens,0,,
PG035,PG035-HEI-XS,black,Black,XS,rashguard,nogi,adult,mens,0,,
PG035,PG035-LAN-L,blue,Blue,L,rashguard,nogi,adult,mens,0,,
PG035,PG035-LAN-M,blue,Blue,M,rashguard,nogi,adult,mens,0,,
PG035,PG035-LAN-S,blue,Blue,S,rashguard,nogi,adult,mens,0,,
PG035,PG035-LAN-XS,blue,Blue,XS,rashguard,nogi,adult,mens,0,,
PG035,PG035-ZONG-L,brown,Brown,L,rashguard,nogi,adult,mens,0,,
PG035,PG035-ZONG-M,brown,Brown,M,rashguard,nogi,adult,mens,0,,
PG035,PG035-ZONG-S,brown,Brown,S,rashguard,nogi,adult,mens,0,,
PG035,PG035-ZONG-XS,brown,Brown,XS,rashguard,nogi,adult,mens,0,,
PG035,PG035-ZI-L,purple,Purple,L,rashguard,nogi,adult,mens,0,,
PG035,PG035-ZI-M,purple,Purple,M,rashguard,nogi,adult,mens,0,,
PG035,PG035-ZI-S,purple,Purple,S,rashguard,nogi,adult,mens,0,,
PG035,PG035-ZI-XS,purple,Purple,XS,rashguard,nogi,adult,mens,0,,
PG035,PG035-BAI-L,white,White,L,rashguard,nogi,adult,mens,0,,
PG035,PG035-BAI-M,white,White,M,rashguard,nogi,adult,mens,0,,
PG035,PG035-BAI-S,white,White,S,rashguard,nogi,adult,mens,0,,
PG035,PG035-BAI-XS,white,White,XS,rashguard,nogi,adult,mens,0,,
PG036,PG036-L,white,White,L,shorts,nogi,adult,mens,1,,
PG036,PG036-M,white,White,M,shorts,nogi,adult,mens,1,,
PG036,PG036-S,white,White,S,shorts,nogi,adult,mens,1,,
PG036,PG036-XS,white,White,XS,shorts,nogi,adult,mens,1,,
PG036,PG036-XXS,white,White,XXS,shorts,nogi,adult,mens,1,,
PG037,PG037-A0,black,Black,A0,gi,gi,adult,mens,0,,
PG037,PG037-A1,black,Black,A1,gi,gi,adult,mens,0,,
PG037,PG037-A1L,black,Black,A1L,gi,gi,adult,mens,0,,
PG037,PG037-A2,black,Black,A2,gi,gi,adult,mens,0,,
PG037,PG037-A2L,black,Black,A2L,gi,gi,adult,mens,0,,
PG037,PG037-F1,black,Black,F1,gi,gi,adult,womens,0,,
PG037,PG037-F2,black,Black,F2,gi,gi,adult,womens,0,,
PG038,PG038-L,black,Black,L,rashguard,nogi,adult,mens,0,,
PG038,PG038-M,black,Black,M,rashguard,nogi,adult,mens,0,,
PG038,PG038-S,black,Black,S,rashguard,nogi,adult,mens,0,,
PG038,PG038-XL,black,Black,XL,rashguard,nogi,adult,mens,0,,
PG038,PG038-XS,black,Black,XS,rashguard,nogi,adult,mens,0,,
PG038,PG038-XXL,black,Black,XXL,rashguard,nogi,adult,mens,0,,
PG039,PG039-L,black,Black,L,shorts,nogi,adult,mens,0,,
PG039,PG039-M,black,Black,M,shorts,nogi,adult,mens,0,,
PG039,PG039-S,black,Black,S,shorts,nogi,adult,mens,0,,
PG039,PG039-XS,black,Black,XS,shorts,nogi,adult,mens,0,,
PG040,PG040,black,Black,??†Å,bag,apparel,adult,mens,0,,
PG041,PG041-L,black,Black,L,shorts,nogi,adult,mens,0,,
PG041,PG041-M,black,Black,M,shorts,nogi,adult,mens,0,,
PG041,PG041-S,black,Black,S,shorts,nogi,adult,mens,0,,
PG041,PG041-XS,black,Black,XS,shorts,nogi,adult,mens,0,,
PG041,PG041-XXS,black,Black,XXS,shorts,nogi,adult,mens,0,,
PG042,PG042-M,blue,Blue,M,rashguard,nogi,adult,mens,0,,
PG042,PG042-S,blue,Blue,S,rashguard,nogi,adult,mens,0,,
PG043,PG043-M,black,Black,M,rashguard,nogi,adult,mens,0,,
PG043,PG043-S,black,Black,S,rashguard,nogi,adult,mens,0,,
PG044,PG044,black,Black,,finger tape,apparel,adult,mens,1,,
PG045,PG045,black,Black,,finger tape,apparel,adult,mens,1,,
PG046,PG046-HEI,black,Black,??†Å,finger tape,apparel,adult,mens,1,,
PG047,PG047-L,black,Black,L,rashguard,nogi,adult,mens,0,,
PG047,PG047-M,black,Black,M,rashguard,nogi,adult,mens,0,,
PG047,PG047-S,black,Black,S,rashguard,nogi,adult,mens,0,,
PG047,PG047-XS,black,Black,XS,rashguard,nogi,adult,mens,0,,
PG048,PG048-L,black,Black,L,shorts,nogi,adult,mens,0,,
PG048,PG048-M,black,Black,M,shorts,nogi,adult,mens,0,,
PG048,PG048-S,black,Black,S,shorts,nogi,adult,mens,0,,
PG048,PG048-XS,black,Black,XS,shorts,nogi,adult,mens,0,,
PG049,PG049-L,green,Bright Green,L,rashguard,nogi,adult,mens,0,,
PG049,PG049-M,green,Bright Green,M,rashguard,nogi,adult,mens,0,,
PG049,PG049-S,green,Bright Green,S,rashguard,nogi,adult,mens,0,,
PG049,PG049-XS,green,Bright Green,XS,rashguard,nogi,adult,mens,0,,
PG050,PG050-L,green,Bright Green,L,shorts,nogi,adult,mens,0,,
PG050,PG050-M,green,Bright Green,M,shorts,nogi,adult,mens,0,,
PG050,PG050-S,green,Bright Green,S,shorts,nogi,adult,mens,0,,
PG050,PG050-XS,green,Bright Green,XS,shorts,nogi,adult,mens,0,,
PG051,PG051-L,green,Army Green,L,rashguard,nogi,adult,mens,0,,
PG051,PG051-M,green,Army Green,M,rashguard,nogi,adult,mens,0,,
PG051,PG051-S,green,Army Green,S,rashguard,nogi,adult,mens,0,,
PG051,PG051-XS,green,Army Green,XS,rashguard,nogi,adult,mens,0,,
PG052,PG052-L,green,Army Green,L,shorts,nogi,adult,mens,0,,
PG052,PG052-M,green,Army Green,M,shorts,nogi,adult,mens,0,,
PG052,PG052-S,green,Army Green,S,shorts,nogi,adult,mens,0,,
PG052,PG052-XS,green,Army Green,XS,shorts,nogi,adult,mens,0,,
PG053,PG053-L,black,Black,L,rashguard,nogi,adult,mens,0,,
PG053,PG053-M,black,Black,M,rashguard,nogi,adult,mens,0,,
PG053,PG053-S,black,Black,S,rashguard,nogi,adult,mens,0,,
PG053,PG053-XS,black,Black,XS,rashguard,nogi,adult,mens,0,,
PG054,PG054-L,black,Black,L,shorts,nogi,adult,mens,0,,
PG054,PG054-M,black,Black,M,shorts,nogi,adult,mens,0,,
PG054,PG054-S,black,Black,S,shorts,nogi,adult,mens,0,,
PG054,PG054-XS,black,Black,XS,shorts,nogi,adult,mens,0,,
PG055,PG055-A0,brown,Brown,A0,gi,gi,adult,mens,0,,
PG055,PG055-A1,brown,Brown,A1,gi,gi,adult,mens,0,,
PG055,PG055-A1L,brown,Brown,A1L,gi,gi,adult,mens,0,,
PG055,PG055-A2,brown,Brown,A2,gi,gi,adult,mens,0,,
PG055,PG055-A2L,brown,Brown,A2L,gi,gi,adult,mens,0,,
PG055,PG055-A3,brown,Brown,A3,gi,gi,adult,mens,0,,
PG055,PG055-A3L,brown,Brown,A3L,gi,gi,adult,mens,0,,
PG055,PG055-F1,brown,Brown,F1,gi,gi,adult,womens,0,,
PG055,PG055-F2,brown,Brown,F2,gi,gi,adult,womens,0,,
PG056,PG056-L,white,White,L,rashguard,nogi,adult,mens,0,,
PG056,PG056-M,white,White,M,rashguard,nogi,adult,mens,0,,
PG056,PG056-S,white,White,S,rashguard,nogi,adult,mens,0,,
PG056,PG056-XS,white,White,XS,rashguard,nogi,adult,mens,0,,
PG057,PG057-L,black,Black,L,rashguard,nogi,adult,mens,1,Academy,1
PG057,PG057-M,black,Black,M,rashguard,nogi,adult,mens,1,Academy,1
PG057,PG057-S,black,Black,S,rashguard,nogi,adult,mens,1,Academy,1
PG057,PG057-XL,black,Black,XL,rashguard,nogi,adult,mens,1,Academy,1
PG057,PG057-XS,black,Black,XS,rashguard,nogi,adult,mens,1,Academy,1
PG058,PG058-A0,white,White,A0,gi,gi,adult,mens,0,,
PG058,PG058-A1,white,White,A1,gi,gi,adult,mens,0,,
PG058,PG058-A1L,white,White,A1L,gi,gi,adult,mens,0,,
PG058,PG058-A2,white,White,A2,gi,gi,adult,mens,0,,
PG058,PG058-A2L,white,White,A2L,gi,gi,adult,mens,0,,
PG058,PG058-F1,white,White,F1,gi,gi,adult,womens,0,,
PG058,PG058-F2,white,White,F2,gi,gi,adult,womens,0,,
PG059,PG059-L,black,Black,L,rashguard,nogi,adult,mens,0,,
PG059,PG059-M,black,Black,M,rashguard,nogi,adult,mens,0,,
PG059,PG059-S,black,Black,S,rashguard,nogi,adult,mens,0,,
PG059,PG059-XS,black,Black,XS,rashguard,nogi,adult,mens,0,,
PG060,PG060-L,black,Black,L,shorts,nogi,adult,mens,0,,
PG060,PG060-M,black,Black,M,shorts,nogi,adult,mens,0,,
PG060,PG060-S,black,Black,S,shorts,nogi,adult,mens,0,,
PG060,PG060-XS,black,Black,XS,shorts,nogi,adult,mens,0,,
PG061,PG061-L,yellow,Golden,L,rashguard,nogi,adult,mens,0,,
PG061,PG061-M,yellow,Golden,M,rashguard,nogi,adult,mens,0,,
PG061,PG061-S,yellow,Golden,S,rashguard,nogi,adult,mens,0,,
PG061,PG061-XS,yellow,Golden,XS,rashguard,nogi,adult,mens,0,,
PG062,PG062-L,yellow,Golden,L,shorts,nogi,adult,mens,0,,
PG062,PG062-M,yellow,Golden,M,shorts,nogi,adult,mens,0,,
PG062,PG062-S,yellow,Golden,S,shorts,nogi,adult,mens,0,,
PG062,PG062-XS,yellow,Golden,XS,shorts,nogi,adult,mens,0,,
PG063,PG063-L,black,Black,L,rashguard,nogi,kids,mens,1,,
PG063,PG063-M,black,Black,M,rashguard,nogi,kids,mens,1,,
PG063,PG063-S,black,Black,S,rashguard,nogi,kids,mens,1,,
PG063,PG063-XL,black,Black,XL,rashguard,nogi,kids,mens,1,,
PG063,PG063-XS,black,Black,XS,rashguard,nogi,kids,mens,1,,
PG064,PG064-L,black,Black,L,spats,nogi,adult,mens,1,Academy,1
PG064,PG064-M,black,Black,M,spats,nogi,adult,mens,1,Academy,1
PG064,PG064-S,black,Black,S,spats,nogi,adult,mens,1,Academy,1
PG064,PG064-XL,black,Black,XL,spats,nogi,adult,mens,1,Academy,1
PG064,PG064-XS,black,Black,XS,spats,nogi,adult,mens,1,Academy,1
PG065,PG065-L,black,Black,L,rashguard,nogi,adult,mens,0,,
PG065,PG065-M,black,Black,M,rashguard,nogi,adult,mens,0,,
PG065,PG065-S,black,Black,S,rashguard,nogi,adult,mens,0,,
PG065,PG065-XL,black,Black,XL,rashguard,nogi,adult,mens,0,,
PG065,PG065-XS,black,Black,XS,rashguard,nogi,adult,mens,0,,
PG066,PG066-L,black,Black,L,shorts,nogi,adult,mens,0,,
PG066,PG066-M,black,Black,M,shorts,nogi,adult,mens,0,,
PG066,PG066-S,black,Black,S,shorts,nogi,adult,mens,0,,
PG066,PG066-XL,black,Black,XL,shorts,nogi,adult,mens,0,,
PG066,PG066-XS,black,Black,XS,shorts,nogi,adult,mens,0,,
PG067,PG067-L,grey,Grey,L,rashguard,nogi,adult,mens,1,,
PG067,PG067-M,grey,Grey,M,rashguard,nogi,adult,mens,1,,
PG067,PG067-S,grey,Grey,S,rashguard,nogi,adult,mens,1,,
PG067,PG067-XL,grey,Grey,XL,rashguard,nogi,adult,mens,1,,
PG067,PG067-XS,grey,Grey,XS,rashguard,nogi,adult,mens,1,,
PG068,PG068-L,grey,Grey,L,shorts,nogi,adult,mens,0,,
PG068,PG068-M,grey,Grey,M,shorts,nogi,adult,mens,0,,
PG068,PG068-S,grey,Grey,S,shorts,nogi,adult,mens,0,,
PG068,PG068-XL,grey,Grey,XL,shorts,nogi,adult,mens,0,,
PG068,PG068-XS,grey,Grey,XS,shorts,nogi,adult,mens,0,,
PG069,PG069-L,grey,Grey,L,rashguard,nogi,adult,womens,0,,
PG069,PG069-M,grey,Grey,M,rashguard,nogi,adult,womens,0,,
PG069,PG069-S,grey,Grey,S,rashguard,nogi,adult,womens,0,,
PG069,PG069-XL,grey,Grey,XL,rashguard,nogi,adult,womens,0,,
PG069,PG069-XS,grey,Grey,XS,rashguard,nogi,adult,womens,0,,
PG070,PG070-L,grey,Grey,L,shorts,nogi,adult,womens,1,,
PG070,PG070-M,grey,Grey,M,shorts,nogi,adult,womens,1,,
PG070,PG070-S,grey,Grey,S,shorts,nogi,adult,womens,1,,
PG070,PG070-XL,grey,Grey,XL,shorts,nogi,adult,womens,1,,
PG070,PG070-XS,grey,Grey,XS,shorts,nogi,adult,womens,1,,
PG073,PG073-A0,blue,dark blue,A0,gi,gi,adult,mens,1,,
PG073,PG073-A1,blue,dark blue,A1,gi,gi,adult,mens,1,,
PG073,PG073-A1L,blue,dark blue,A1L,gi,gi,adult,mens,1,,
PG073,PG073-A2,blue,dark blue,A2,gi,gi,adult,mens,1,,
PG073,PG073-A2L,blue,dark blue,A2L,gi,gi,adult,mens,1,,
PG073,PG073-A3,blue,dark blue,A3,gi,gi,adult,mens,1,,
PG073,PG073-F1,blue,dark blue,F1,gi,gi,adult,womens,1,,
PG073,PG073-F2,blue,dark blue,F2,gi,gi,adult,womens,1,,
PG073,PG073-F3,blue,dark blue,F3,gi,gi,adult,womens,1,,
PG074,PG074-L,black,Black,L,rashguard,nogi,adult,mens,0,,
PG074,PG074-M,black,Black,M,rashguard,nogi,adult,mens,0,,
PG074,PG074-S,black,Black,S,rashguard,nogi,adult,mens,0,,
PG074,PG074-XL,black,Black,XL,rashguard,nogi,adult,mens,0,,
PG074,PG074-XS,black,Black,XS,rashguard,nogi,adult,mens,0,,
PG075,PG075-L,black,Black,L,shorts,nogi,adult,mens,1,,
PG075,PG075-M,black,Black,M,shorts,nogi,adult,mens,1,,
PG075,PG075-S,black,Black,S,shorts,nogi,adult,mens,1,,
PG075,PG075-XL,black,Black,XL,shorts,nogi,adult,mens,1,,
PG075,PG075-XS,black,Black,XS,shorts,nogi,adult,mens,1,,
PG076,PG076-L,black,Black,L,rashguard,nogi,adult,mens,0,,
PG076,PG076-M,black,Black,M,rashguard,nogi,adult,mens,0,,
PG076,PG076-S,black,Black,S,rashguard,nogi,adult,mens,0,,
PG076,PG076-XL,black,Black,XL,rashguard,nogi,adult,mens,0,,
PG076,PG076-XS,black,Black,XS,rashguard,nogi,adult,mens,0,,
PG077,PG077-L,black,Black,L,shorts,nogi,adult,mens,1,,
PG077,PG077-M,black,Black,M,shorts,nogi,adult,mens,1,,
PG077,PG077-S,black,Black,S,shorts,nogi,adult,mens,1,,
PG077,PG077-XL,black,Black,XL,shorts,nogi,adult,mens,1,,
PG077,PG077-XS,black,Black,XS,shorts,nogi,adult,mens,1,,
PG078,PG078-A0,white,White,A0,gi,gi,adult,mens,1,,
PG078,PG078-A1,white,White,A1,gi,gi,adult,mens,1,,
PG078,PG078-A1L,white,White,A1L,gi,gi,adult,mens,1,,
PG078,PG078-A2,white,White,A2,gi,gi,adult,mens,1,,
PG078,PG078-A2L,white,White,A2L,gi,gi,adult,mens,1,,
PG078,PG078-A3,white,White,A3,gi,gi,adult,mens,1,,
PG078,PG078-F1,white,White,F1,gi,gi,adult,womens,1,,
PG078,PG078-F2,white,White,F2,gi,gi,adult,womens,1,,
PG078,PG078-F3,white,White,F3,gi,gi,adult,womens,1,,
PG078,PG078-F4,white,White,F4,gi,gi,adult,womens,1,,
PG079,PG079-L,black,Black,L,rashguard,nogi,adult,mens,1,,
PG079,PG079-M,black,Black,M,rashguard,nogi,adult,mens,1,,
PG079,PG079-S,black,Black,S,rashguard,nogi,adult,mens,1,,
PG079,PG079-XL,black,Black,XL,rashguard,nogi,adult,mens,1,,
PG079,PG079-XS,black,Black,XS,rashguard,nogi,adult,mens,1,,
PG080,PG080-L,black,Black,L,shorts,nogi,adult,mens,1,,
PG080,PG080-M,black,Black,M,shorts,nogi,adult,mens,1,,
PG080,PG080-S,black,Black,S,shorts,nogi,adult,mens,1,,
PG080,PG080-XL,black,Black,XL,shorts,nogi,adult,mens,1,,
PG080,PG080-XS,black,Black,XS,shorts,nogi,adult,mens,1,,
PG081,PG081-L,red,Red,L,rashguard,nogi,adult,mens,0,,
PG081,PG081-M,red,Red,M,rashguard,nogi,adult,mens,0,,
PG081,PG081-S,red,Red,S,rashguard,nogi,adult,mens,0,,
PG081,PG081-XL,red,Red,XL,rashguard,nogi,adult,mens,0,,
PG081,PG081-XS,red,Red,XS,rashguard,nogi,adult,mens,0,,
PG082,PG082-L,red,Red,L,shorts,nogi,adult,mens,0,,
PG082,PG082-M,red,Red,M,shorts,nogi,adult,mens,0,,
PG082,PG082-S,red,Red,S,shorts,nogi,adult,mens,0,,
PG082,PG082-XS,red,Red,XS,shorts,nogi,adult,mens,0,,
PG083,PG083-L,camo,Camo,L,rashguard,nogi,adult,mens,0,,
PG083,PG083-M,camo,Camo,M,rashguard,nogi,adult,mens,0,,
PG083,PG083-S,camo,Camo,S,rashguard,nogi,adult,mens,0,,
PG083,PG083-XL,camo,Camo,XL,rashguard,nogi,adult,mens,0,,
PG083,PG083-XS,camo,Camo,XS,rashguard,nogi,adult,mens,0,,
PG084,PG084-L,blue,Turqoise,L,rashguard,nogi,adult,mens,0,,
PG084,PG084-M,blue,Turqoise,M,rashguard,nogi,adult,mens,0,,
PG084,PG084-S,blue,Turqoise,S,rashguard,nogi,adult,mens,0,,
PG084,PG084-XL,blue,Turqoise,XL,rashguard,nogi,adult,mens,0,,
PG084,PG084-XS,blue,Turqoise,XS,rashguard,nogi,adult,mens,0,,
PG085,PG085-L,white,Off-white,L,tee,nogi,adult,mens,1,,
PG085,PG085-M,white,Off-white,M,tee,nogi,adult,mens,1,,
PG085,PG085-S,white,Off-white,S,tee,nogi,adult,mens,1,,
PG085,PG085-XL,white,Off-white,XL,tee,nogi,adult,mens,1,,
PG085,PG085-XS,white,Off-white,XS,tee,nogi,adult,mens,1,,
PG086,PG086-A0,black,Black,A0,gi,gi,adult,mens,1,,
PG086,PG086-A1,black,Black,A1,gi,gi,adult,mens,1,,
PG086,PG086-A1L,black,Black,A1L,gi,gi,adult,mens,1,,
PG086,PG086-A2,black,Black,A2,gi,gi,adult,mens,1,,
PG086,PG086-A2L,black,Black,A2L,gi,gi,adult,mens,1,,
PG086,PG086-A3,black,Black,A3,gi,gi,adult,mens,1,,
PG086,PG086-F1,black,Black,F1,gi,gi,adult,womens,1,,
PG086,PG086-F2,black,Black,F2,gi,gi,adult,womens,1,,
PG086,PG086-F3,black,Black,F3,gi,gi,adult,womens,1,,
PG087,PG087-A0,white,White,A0,gi,gi,adult,mens,1,,
PG087,PG087-A1,white,White,A1,gi,gi,adult,mens,1,,
PG087,PG087-A1L,white,White,A1L,gi,gi,adult,mens,1,,
PG087,PG087-A2,white,White,A2,gi,gi,adult,mens,1,,
PG087,PG087-A2L,white,White,A2L,gi,gi,adult,mens,1,,
PG087,PG087-A3,white,White,A3,gi,gi,adult,mens,1,,
PG087,PG087-F1,white,White,F1,gi,gi,adult,womens,1,,
PG087,PG087-F2,white,White,F2,gi,gi,adult,womens,1,,
PG087,PG087-F3,white,White,F3,gi,gi,adult,womens,1,,
PG088,PG088-A0,peach,Peach,A0,gi,gi,adult,mens,1,,
PG088,PG088-A1,peach,Peach,A1,gi,gi,adult,mens,1,,
PG088,PG088-A1L,peach,Peach,A1L,gi,gi,adult,mens,1,,
PG088,PG088-A2,peach,Peach,A2,gi,gi,adult,mens,1,,
PG088,PG088-A2L,peach,Peach,A2L,gi,gi,adult,mens,1,,
PG088,PG088-F1,peach,Peach,F1,gi,gi,adult,womens,1,,
PG088,PG088-F2,peach,Peach,F2,gi,gi,adult,womens,1,,
PG088,PG088-F3,peach,Peach,F3,gi,gi,adult,womens,1,,
PG089,PG089-A0,green,Army Green,A0,gi,gi,adult,mens,1,,
PG089,PG089-A1,green,Army Green,A1,gi,gi,adult,mens,1,,
PG089,PG089-A1L,green,Army Green,A1L,gi,gi,adult,mens,1,,
PG089,PG089-A2,green,Army Green,A2,gi,gi,adult,mens,1,,
PG089,PG089-A2L,green,Army Green,A2L,gi,gi,adult,mens,1,,
PG089,PG089-A3,green,Army Green,A3,gi,gi,adult,mens,1,,
PG089,PG089-F1,green,Army Green,F1,gi,gi,adult,womens,1,,
PG089,PG089-F2,green,Army Green,F2,gi,gi,adult,womens,1,,
PG089,PG089-F3,green,Army Green,F3,gi,gi,adult,womens,1,,
PG090,PG090-A0,grey,Grey,A0,gi,gi,adult,mens,1,,
PG090,PG090-A1,grey,Grey,A1,gi,gi,adult,mens,1,,
PG090,PG090-A1L,grey,Grey,A1L,gi,gi,adult,mens,1,,
PG090,PG090-A2,grey,Grey,A2,gi,gi,adult,mens,1,,
PG090,PG090-A2L,grey,Grey,A2L,gi,gi,adult,mens,1,,
PG090,PG090-A3,grey,Grey,A3,gi,gi,adult,mens,1,,
PG090,PG090-F1,grey,Grey,F1,gi,gi,adult,womens,1,,
PG090,PG090-F2,grey,Grey,F2,gi,gi,adult,womens,1,,
PG090,PG090-F3,grey,Grey,F3,gi,gi,adult,womens,1,,
PG091,PG091-L,blue,Navy Blue,L,rashguard,nogi,adult,mens,0,,
PG091,PG091-M,blue,Navy Blue,M,rashguard,nogi,adult,mens,0,,
PG091,PG091-S,blue,Navy Blue,S,rashguard,nogi,adult,mens,0,,
PG091,PG091-XL,blue,Navy Blue,XL,rashguard,nogi,adult,mens,0,,
PG091,PG091-XS,blue,Navy Blue,XS,rashguard,nogi,adult,mens,0,,
PG092,PG092-L,blue,Navy Blue,L,shorts,nogi,adult,mens,1,,
PG092,PG092-M,blue,Navy Blue,M,shorts,nogi,adult,mens,1,,
PG092,PG092-S,blue,Navy Blue,S,shorts,nogi,adult,mens,1,,
PG092,PG092-XL,blue,Navy Blue,XL,shorts,nogi,adult,mens,1,,
PG092,PG092-XS,blue,Navy Blue,XS,shorts,nogi,adult,mens,1,,
PG093,PG093-L,yellow,Yellow,L,rashguard,nogi,adult,mens,1,,
PG093,PG093-M,yellow,Yellow,M,rashguard,nogi,adult,mens,1,,
PG093,PG093-S,yellow,Yellow,S,rashguard,nogi,adult,mens,1,,
PG093,PG093-XL,yellow,Yellow,XL,rashguard,nogi,adult,mens,1,,
PG093,PG093-XS,yellow,Yellow,XS,rashguard,nogi,adult,mens,1,,
PG094,PG094-L,yellow,Yellow,L,shorts,nogi,adult,mens,1,,
PG094,PG094-M,yellow,Yellow,M,shorts,nogi,adult,mens,1,,
PG094,PG094-S,yellow,Yellow,S,shorts,nogi,adult,mens,1,,
PG094,PG094-XL,yellow,Yellow,XL,shorts,nogi,adult,mens,1,,
PG094,PG094-XS,yellow,Yellow,XS,shorts,nogi,adult,mens,1,,
PG095,PG095-A0,black,Black,A0,gi,gi,adult,mens,1,,
PG095,PG095-A1,black,Black,A1,gi,gi,adult,mens,1,,
PG095,PG095-A1L,black,Black,A1L,gi,gi,adult,mens,1,,
PG095,PG095-A2,black,Black,A2,gi,gi,adult,mens,1,,
PG095,PG095-A2L,black,Black,A2L,gi,gi,adult,mens,1,,
PG095,PG095-F1,black,Black,F1,gi,gi,adult,womens,1,,
PG095,PG095-F2,black,Black,F2,gi,gi,adult,womens,1,,
PG096,PG096-L,black,Black,L,rashguard,nogi,adult,mens,0,,
PG096,PG096-M,black,Black,M,rashguard,nogi,adult,mens,0,,
PG096,PG096-S,black,Black,S,rashguard,nogi,adult,mens,0,,
PG096,PG096-XL,black,Black,XL,rashguard,nogi,adult,mens,0,,
PG096,PG096-XS,black,Black,XS,rashguard,nogi,adult,mens,0,,
PG097,PG097-L,black,Black,L,shorts,nogi,adult,mens,0,,
PG097,PG097-M,black,Black,M,shorts,nogi,adult,mens,0,,
PG097,PG097-S,black,Black,S,shorts,nogi,adult,mens,0,,
PG097,PG097-XL,black,Black,XL,shorts,nogi,adult,mens,0,,
PG097,PG097-XS,black,Black,XS,shorts,nogi,adult,mens,0,,
PG098,PG098-A0,black,Black,A0,gi,gi,adult,mens,0,,
PG098,PG098-A1,black,Black,A1,gi,gi,adult,mens,0,,
PG098,PG098-A1L,black,Black,A1L,gi,gi,adult,mens,0,,
PG098,PG098-A2,black,Black,A2,gi,gi,adult,mens,0,,
PG098,PG098-A2L,black,Black,A2L,gi,gi,adult,mens,0,,
PG098,PG098-A3,black,Black,A3,gi,gi,adult,mens,0,,
PG098,PG098-F1,black,Black,F1,gi,gi,adult,womens,0,,
PG098,PG098-F2,black,Black,F2,gi,gi,adult,womens,0,,
PG098,PG098-F3,black,Black,F3,gi,gi,adult,womens,0,,
PG099,PG099-L,white,White,L,rashguard,nogi,adult,mens,1,Academy,1
PG099,PG099-M,white,White,M,rashguard,nogi,adult,mens,1,Academy,1
PG099,PG099-S,white,White,S,rashguard,nogi,adult,mens,1,Academy,1
PG099,PG099-XL,white,White,XL,rashguard,nogi,adult,mens,1,Academy,1
PG099,PG099-XS,white,White,XS,rashguard,nogi,adult,mens,1,Academy,1
PG100,PG100-M,black,Black,M,rashguard,nogi,adult,womens,0,,
PG100,PG100-S,black,Black,S,rashguard,nogi,adult,womens,0,,
PG100,PG100-XS,black,Black,XS,rashguard,nogi,adult,womens,0,,
PG101,PG101-M,black,Black,M,shorts,nogi,adult,womens,1,,
PG101,PG101-S,black,Black,S,shorts,nogi,adult,womens,1,,
PG101,PG101-XS,black,Black,XS,shorts,nogi,adult,womens,1,,
PG102,PG102-L,black,Black,L,shorts,nogi,adult,womens,1,Academy,1
PG102,PG102-M,black,Black,M,shorts,nogi,adult,womens,1,Academy,1
PG102,PG102-S,black,Black,S,shorts,nogi,adult,womens,1,Academy,1
PG102,PG102-XS,black,Black,XS,shorts,nogi,adult,womens,1,Academy,1
PG103,PG103-L,black,Black,L,spats,nogi,adult,womens,1,Academy,1
PG103,PG103-M,black,Black,M,spats,nogi,adult,womens,1,Academy,1
PG103,PG103-S,black,Black,S,spats,nogi,adult,womens,1,Academy,1
PG103,PG103-XS,black,Black,XS,spats,nogi,adult,womens,1,Academy,1
PG104,PG104-L,black,Black,L,bra,nogi,adult,womens,1,Academy,1
PG104,PG104-M,black,Black,M,bra,nogi,adult,womens,1,Academy,1
PG104,PG104-S,black,Black,S,bra,nogi,adult,womens,1,Academy,1
PG104,PG104-XS,black,Black,XS,bra,nogi,adult,womens,1,Academy,1
PG105,PG105-A0-HEI,black,Black,A0,gi,gi,adult,mens,1,,
PG105,PG105-A1-HEI,black,Black,A1,gi,gi,adult,mens,1,,
PG105,PG105-A1L-HEI,black,Black,A1L,gi,gi,adult,mens,1,,
PG105,PG105-A2-HEI,black,Black,A2,gi,gi,adult,mens,1,,
PG105,PG105-A2L-HEI,black,Black,A2L,gi,gi,adult,mens,1,,
PG105,PG105-A3-HEI,black,Black,A3,gi,gi,adult,mens,1,,
PG105,PG105-F1-HEI,black,Black,F1,gi,gi,adult,mens,1,,
PG105,PG105-F2-HEI,black,Black,F2,gi,gi,adult,mens,1,,
PG105,PG105-F3-HEI,black,Black,F3,gi,gi,adult,mens,1,,
PG105,PG105-A0-LAN,blue,Blue,A0,gi,gi,adult,mens,1,,
PG105,PG105-A1-LAN,blue,Blue,A1,gi,gi,adult,mens,1,,
PG105,PG105-A1L-LAN,blue,Blue,A1L,gi,gi,adult,mens,1,,
PG105,PG105-A2-LAN,blue,Blue,A2,gi,gi,adult,mens,1,,
PG105,PG105-A2L-LAN,blue,Blue,A2L,gi,gi,adult,mens,1,,
PG105,PG105-F1-LAN,blue,Blue,F1,gi,gi,adult,mens,1,,
PG105,PG105-F2-LAN,blue,Blue,F2,gi,gi,adult,mens,1,,
PG105,PG105-F3-LAN,blue,Blue,F3,gi,gi,adult,mens,1,,
PG105,PG105-A0-BAI,white,White,A0,gi,gi,adult,mens,1,,
PG105,PG105-A1-BAI,white,White,A1,gi,gi,adult,mens,1,,
PG105,PG105-A1L-BAI,white,White,A1L,gi,gi,adult,mens,1,,
PG105,PG105-A2-BAI,white,White,A2,gi,gi,adult,mens,1,,
PG105,PG105-A2L-BAI,white,White,A2L,gi,gi,adult,mens,1,,
PG105,PG105-A3-BAI,white,White,A3,gi,gi,adult,mens,1,,
PG105,PG105-F1-BAI,white,White,F1,gi,gi,adult,mens,1,,
PG105,PG105-F2-BAI,white,White,F2,gi,gi,adult,mens,1,,
PG105,PG105-F3-BAI,white,White,F3,gi,gi,adult,mens,1,,
PG106,PG106,black,Black,,bag,,adult,mens,1,,
PG107,PG107-M0-HEI,black,Black,M0,gi,gi,kids,mens,0,,
PG107,PG107-M00-HEI,black,Black,M00,gi,gi,kids,mens,0,,
PG107,PG107-M000-HEI,black,Black,M000,gi,gi,kids,mens,0,,
PG107,PG107-M1-HEI,black,Black,M1,gi,gi,kids,mens,0,,
PG107,PG107-M2-HEI,black,Black,M2,gi,gi,kids,mens,0,,
PG107,PG107-M3-HEI,black,Black,M3,gi,gi,kids,mens,0,,
PG107,PG107-M4-HEI,black,Black,M4,gi,gi,kids,mens,0,,
PG107,PG107-M2-BAI,white,White,M2,gi,gi,kids,mens,0,,
PG107,PG107-M3-BAI,white,White,M3,gi,gi,kids,mens,0,,
PG107,PG107-M4-BAI,white,White,M4,gi,gi,kids,mens,0,,
PG108,PG108-L,peach,Peach,L,rashguard,nogi,adult,mens,0,,
PG108,PG108-M,peach,Peach,M,rashguard,nogi,adult,mens,0,,
PG108,PG108-S,peach,Peach,S,rashguard,nogi,adult,mens,0,,
PG108,PG108-XL,peach,Peach,XL,rashguard,nogi,adult,mens,0,,
PG108,PG108-XS,peach,Peach,XS,rashguard,nogi,adult,mens,0,,
PG109,PG109-L,black,Black,L,shorts,nogi,adult,mens,1,,
PG109,PG109-M,black,Black,M,shorts,nogi,adult,mens,1,,
PG109,PG109-S,black,Black,S,shorts,nogi,adult,mens,1,,
PG109,PG109-XL,black,Black,XL,shorts,nogi,adult,mens,1,,
PG109,PG109-XS,black,Black,XS,shorts,nogi,adult,mens,1,,
PG110,PG110-M,black,Black,M,rashguard,nogi,adult,womens,0,,
PG110,PG110-S,black,Black,S,rashguard,nogi,adult,womens,0,,
PG110,PG110-XS,black,Black,XS,rashguard,nogi,adult,womens,0,,
PG111,PG111-M,peach,Peach,M,shorts,nogi,adult,womens,1,,
PG111,PG111-S,peach,Peach,S,shorts,nogi,adult,womens,1,,
PG111,PG111-XS,peach,Peach,XS,shorts,nogi,adult,womens,1,,
PG112,PG112-L,black,Black,L,rashguard,nogi,adult,mens,1,,
PG112,PG112-M,black,Black,M,rashguard,nogi,adult,mens,1,,
PG112,PG112-S,black,Black,S,rashguard,nogi,adult,mens,1,,
PG112,PG112-XL,black,Black,XL,rashguard,nogi,adult,mens,1,,
PG112,PG112-XS,black,Black,XS,rashguard,nogi,adult,mens,1,,
PG113,PG113-L,black,Black,L,shorts,nogi,adult,mens,1,,
PG113,PG113-M,black,Black,M,shorts,nogi,adult,mens,1,,
PG113,PG113-S,black,Black,S,shorts,nogi,adult,mens,1,,
PG113,PG113-XL,black,Black,XL,shorts,nogi,adult,mens,1,,
PG113,PG113-XS,black,Black,XS,shorts,nogi,adult,mens,1,,
PG114,PG114-L,camo,Camo,L,rashguard,nogi,adult,mens,1,,
PG114,PG114-M,camo,Camo,M,rashguard,nogi,adult,mens,1,,
PG114,PG114-S,camo,Camo,S,rashguard,nogi,adult,mens,1,,
PG114,PG114-XL,camo,Camo,XL,rashguard,nogi,adult,mens,1,,
PG114,PG114-XS,camo,Camo,XS,rashguard,nogi,adult,mens,1,,
PG115,PG115-L,camo,Camo,L,shorts,nogi,adult,mens,1,,
PG115,PG115-M,camo,Camo,M,shorts,nogi,adult,mens,1,,
PG115,PG115-S,camo,Camo,S,shorts,nogi,adult,mens,1,,
PG115,PG115-XL,camo,Camo,XL,shorts,nogi,adult,mens,1,,
PG115,PG115-XS,camo,Camo,XS,shorts,nogi,adult,mens,1,,
PG116,PG116-L,black,Black,L,rashguard,nogi,adult,mens,0,,
PG116,PG116-M,black,Black,M,rashguard,nogi,adult,mens,0,,
PG116,PG116-S,black,Black,S,rashguard,nogi,adult,mens,0,,
PG116,PG116-XL,black,Black,XL,rashguard,nogi,adult,mens,0,,
PG116,PG116-XS,black,Black,XS,rashguard,nogi,adult,mens,0,,
PG117,PG117-L,black,Black,L,shorts,nogi,adult,mens,0,,
PG117,PG117-M,black,Black,M,shorts,nogi,adult,mens,0,,
PG117,PG117-S,black,Black,S,shorts,nogi,adult,mens,0,,
PG117,PG117-XL,black,Black,XL,shorts,nogi,adult,mens,0,,
PG117,PG117-XS,black,Black,XS,shorts,nogi,adult,mens,0,,
PG118,PG118-A0,white,Off-white,A0,gi,gi,adult,mens,1,,
PG118,PG118-A1,white,Off-white,A1,gi,gi,adult,mens,1,,
PG118,PG118-A1L,white,Off-white,A1L,gi,gi,adult,mens,1,,
PG118,PG118-A2,white,Off-white,A2,gi,gi,adult,mens,1,,
PG118,PG118-A2L,white,Off-white,A2L,gi,gi,adult,mens,1,,
PG118,PG118-A3,white,Off-white,A3,gi,gi,adult,mens,1,,
PG118,PG118-F1,white,Off-white,F1,gi,gi,adult,womens,1,,
PG118,PG118-F2,white,Off-white,F2,gi,gi,adult,womens,1,,
PG118,PG118-F3,white,Off-white,F3,gi,gi,adult,womens,1,,
PG119,PG119-L,white,White,L,rashguard,nogi,kids,mens,1,Academy,1
PG119,PG119-M,white,White,M,rashguard,nogi,kids,mens,1,Academy,1
PG119,PG119-S,white,White,S,rashguard,nogi,kids,mens,1,Academy,1
PG119,PG119-XL,white,White,XL,rashguard,nogi,kids,mens,1,Academy,1
PG119,PG119-XS,white,White,XS,rashguard,nogi,kids,mens,1,Academy,1
PG120,PG120-L,purple,Lilac,L,bra,nogi,adult,mens,1,,
PG120,PG120-M,purple,Lilac,M,bra,nogi,adult,mens,1,,
PG120,PG120-S,purple,Lilac,S,bra,nogi,adult,mens,1,,
PG120,PG120-XS,purple,Lilac,XS,bra,nogi,adult,mens,1,,
PG121,PG121-L,purple,Lilac,L,shorts,nogi,adult,mens,1,,
PG121,PG121-M,purple,Lilac,M,shorts,nogi,adult,mens,1,,
PG121,PG121-S,purple,Lilac,S,shorts,nogi,adult,mens,1,,
PG121,PG121-XS,purple,Lilac,XS,shorts,nogi,adult,mens,1,,
PG122,PG122-L,purple,Lilac,L,spats,nogi,adult,mens,1,,
PG122,PG122-M,purple,Lilac,M,spats,nogi,adult,mens,1,,
PG122,PG122-S,purple,Lilac,S,spats,nogi,adult,mens,1,,
PG122,PG122-XS,purple,Lilac,XS,spats,nogi,adult,mens,1,,
PG123,PG123-M,red,Red,M,rashguard,nogi,adult,mens,0,,
PG123,PG123-S,red,Red,S,rashguard,nogi,adult,mens,0,,
PG123,PG123-XS,red,Red,XS,rashguard,nogi,adult,mens,0,,
PG124,PG124-L,white,White,L,shorts,nogi,adult,mens,1,Academy,1
PG124,PG124-M,white,White,M,shorts,nogi,adult,mens,1,Academy,1
PG124,PG124-S,white,White,S,shorts,nogi,adult,mens,1,Academy,1
PG124,PG124-XL,white,White,XL,shorts,nogi,adult,mens,1,Academy,1
PG124,PG124-XS,white,White,XS,shorts,nogi,adult,mens,1,Academy,1
PG125,PG125-L,black,Black,L,shorts,nogi,adult,mens,1,Academy,1
PG125,PG125-M,black,Black,M,shorts,nogi,adult,mens,1,Academy,1
PG125,PG125-S,black,Black,S,shorts,nogi,adult,mens,1,Academy,1
PG125,PG125-XL,black,Black,XL,shorts,nogi,adult,mens,1,Academy,1
PG125,PG125-XS,black,Black,XS,shorts,nogi,adult,mens,1,Academy,1
PG126,PG126-L,green,Mint,L,rashguard,nogi,adult,mens,1,,
PG126,PG126-M,green,Mint,M,rashguard,nogi,adult,mens,1,,
PG126,PG126-S,green,Mint,S,rashguard,nogi,adult,mens,1,,
PG126,PG126-XL,green,Mint,XL,rashguard,nogi,adult,mens,1,,
PG126,PG126-XS,green,Mint,XS,rashguard,nogi,adult,mens,1,,
PG127,PG127-L,green,Mint,L,shorts,nogi,adult,mens,1,,
PG127,PG127-M,green,Mint,M,shorts,nogi,adult,mens,1,,
PG127,PG127-S,green,Mint,S,shorts,nogi,adult,mens,1,,
PG127,PG127-XL,green,Mint,XL,shorts,nogi,adult,mens,1,,
PG127,PG127-XS,green,Mint,XS,shorts,nogi,adult,mens,1,,
PG128,PG128-M,green,Mint,M,rashguard,nogi,adult,mens,1,,
PG128,PG128-S,green,Mint,S,rashguard,nogi,adult,mens,1,,
PG128,PG128-XS,green,Mint,XS,rashguard,nogi,adult,mens,1,,
PG129,PG129-M,green,Mint,M,shorts,nogi,adult,mens,1,,
PG129,PG129-S,green,Mint,S,shorts,nogi,adult,mens,1,,
PG129,PG129-XS,green,Mint,XS,shorts,nogi,adult,mens,1,,
PG130,PG130-L,white,Off-white,L,rashguard,nogi,adult,mens,1,,
PG130,PG130-M,white,Off-white,M,rashguard,nogi,adult,mens,1,,
PG130,PG130-S,white,Off-white,S,rashguard,nogi,adult,mens,1,,
PG130,PG130-XL,white,Off-white,XL,rashguard,nogi,adult,mens,1,,
PG130,PG130-XS,white,Off-white,XS,rashguard,nogi,adult,mens,1,,
PG131,PG131-L,white,Off-white,L,shorts,nogi,adult,mens,1,,
PG131,PG131-M,white,Off-white,M,shorts,nogi,adult,mens,1,,
PG131,PG131-S,white,Off-white,S,shorts,nogi,adult,mens,1,,
PG131,PG131-XL,white,Off-white,XL,shorts,nogi,adult,mens,1,,
PG131,PG131-XS,white,Off-white,XS,shorts,nogi,adult,mens,1,,
PG132,PG132-M,white,Off-white,M,rashguard,nogi,adult,mens,1,,
PG132,PG132-S,white,Off-white,S,rashguard,nogi,adult,mens,1,,
PG132,PG132-XS,white,Off-white,XS,rashguard,nogi,adult,mens,1,,
PG133,PG133-M,white,Off-white,M,shorts,nogi,adult,mens,1,,
PG133,PG133-S,white,Off-white,S,shorts,nogi,adult,mens,1,,
PG133,PG133-XS,white,Off-white,XS,shorts,nogi,adult,mens,1,,
PG134,PG134-A0,green,Olive Green,A0,gi,gi,adult,mens,1,,
PG134,PG134-A1,green,Olive Green,A1,gi,gi,adult,mens,1,,
PG134,PG134-A1L,green,Olive Green,A1L,gi,gi,adult,mens,1,,
PG134,PG134-A2,green,Olive Green,A2,gi,gi,adult,mens,1,,
PG134,PG134-A2L,green,Olive Green,A2L,gi,gi,adult,mens,1,,
PG134,PG134-A3,green,Olive Green,A3,gi,gi,adult,mens,1,,
PG134,PG134-F1,green,Olive Green,F1,gi,gi,adult,womens,1,,
PG134,PG134-F2,green,Olive Green,F2,gi,gi,adult,womens,1,,
PG134,PG134-F3,green,Olive Green,F3,gi,gi,adult,womens,1,,
PG134,PG134-F4,green,Olive Green,F4,gi,gi,adult,womens,1,,
PG135,PG135-A0,blue,Petroleum,A0,gi,gi,adult,mens,1,,
PG135,PG135-A1,blue,Petroleum,A1,gi,gi,adult,mens,1,,
PG135,PG135-A1L,blue,Petroleum,A1L,gi,gi,adult,mens,1,,
PG135,PG135-A2,blue,Petroleum,A2,gi,gi,adult,mens,1,,
PG135,PG135-A2L,blue,Petroleum,A2L,gi,gi,adult,mens,1,,
PG135,PG135-A3,blue,Petroleum,A3,gi,gi,adult,mens,1,,
PG135,PG135-F1,blue,Petroleum,F1,gi,gi,adult,womens,1,,
PG135,PG135-F2,blue,Petroleum,F2,gi,gi,adult,womens,1,,
PG135,PG135-F3,blue,Petroleum,F3,gi,gi,adult,womens,1,,
PG136,PG136-L,blue,Ocean Blue,L,rashguard,nogi,adult,mens,1,,
PG136,PG136-M,blue,Ocean Blue,M,rashguard,nogi,adult,mens,1,,
PG136,PG136-S,blue,Ocean Blue,S,rashguard,nogi,adult,mens,1,,
PG136,PG136-XL,blue,Ocean Blue,XL,rashguard,nogi,adult,mens,1,,
PG136,PG136-XS,blue,Ocean Blue,XS,rashguard,nogi,adult,mens,1,,
PG137,PG137-L,black,Black,L,rashguard,nogi,kids,mens,0,,
PG137,PG137-M,black,Black,M,rashguard,nogi,kids,mens,0,,
PG137,PG137-S,black,Black,S,rashguard,nogi,kids,mens,0,,
PG137,PG137-XS,black,Black,XS,rashguard,nogi,kids,mens,0,,
PG138,PG138-L,black,Black,L,shorts,nogi,kids,mens,1,Academy,1
PG138,PG138-M,black,Black,M,shorts,nogi,kids,mens,1,Academy,1
PG138,PG138-S,black,Black,S,shorts,nogi,kids,mens,1,Academy,1
PG138,PG138-XS,black,Black,XS,shorts,nogi,kids,mens,1,Academy,1
PG139,PG139-L,white,White,L,tee,apparel,adult,mens,1,,
PG139,PG139-M,white,White,M,tee,apparel,adult,mens,1,,
PG139,PG139-S,white,White,S,tee,apparel,adult,mens,1,,
PG140,PG140-L,black,Black,L,tee,apparel,adult,mens,1,,
PG140,PG140-M,black,Black,M,tee,apparel,adult,mens,1,,
PG140,PG140-S,black,Black,S,tee,apparel,adult,mens,1,,
PG141,PG141-L,green,Dark Green,L,tee,apparel,adult,mens,1,,
PG141,PG141-M,green,Dark Green,M,tee,apparel,adult,mens,1,,
PG141,PG141-S,green,Dark Green,S,tee,apparel,adult,mens,1,,
PG142,PG142-L,black,Black,L,hoodie,apparel,adult,mens,1,,
PG142,PG142-M,black,Black,M,hoodie,apparel,adult,mens,1,,
PG142,PG142-S,black,Black,S,hoodie,apparel,adult,mens,1,,
PG143,PG143-L,black,Black,L,jogger,apparel,adult,mens,1,,
PG143,PG143-M,black,Black,M,jogger,apparel,adult,mens,1,,
PG143,PG143-S,black,Black,S,jogger,apparel,adult,mens,1,,
PG144,PG144-L,green,Dark Green,L,hoodie,apparel,adult,mens,1,,
PG144,PG144-M,green,Dark Green,M,hoodie,apparel,adult,mens,1,,
PG144,PG144-S,green,Dark Green,S,hoodie,apparel,adult,mens,1,,
PG145,PG145-L,green,Dark Green,L,jogger,apparel,adult,mens,1,,
PG145,PG145-M,green,Dark Green,M,jogger,apparel,adult,mens,1,,
PG145,PG145-S,green,Dark Green,S,jogger,apparel,adult,mens,1,,
PG146,PG146-L,black,Black,L,shorts,nogi,adult,mens,1,Academy,1
PG146,PG146-M,black,Black,M,shorts,nogi,adult,mens,1,Academy,1
PG146,PG146-S,black,Black,S,shorts,nogi,adult,mens,1,Academy,1
PG146,PG146-XL,black,Black,XL,shorts,nogi,adult,mens,1,Academy,1
PG146,PG146-XS,black,Black,XS,shorts,nogi,adult,mens,1,Academy,1
PG146,PG146-XXL,black,Black,XXL,shorts,nogi,adult,mens,1,Academy,1
PG147,PG147-M,black,Black,M,shorts,nogi,adult,mens,1,Academy,1
PG147,PG147-S,black,Black,S,shorts,nogi,adult,mens,1,Academy,1
PG147,PG147-XS,black,Black,XS,shorts,nogi,adult,mens,1,Academy,1
PG148,PG148-L,green,Dark Green,L,rashguard,nogi,adult,mens,1,,
PG148,PG148-M,green,Dark Green,M,rashguard,nogi,adult,mens,1,,
PG148,PG148-S,green,Dark Green,S,rashguard,nogi,adult,mens,1,,
PG148,PG148-XL,green,Dark Green,XL,rashguard,nogi,adult,mens,1,,
PG148,PG148-XS,green,Dark Green,XS,rashguard,nogi,adult,mens,1,,
PG149,PG149-L,blue,Ocean Blue,L,rashguard,nogi,adult,mens,1,,
PG149,PG149-M,blue,Ocean Blue,M,rashguard,nogi,adult,mens,1,,
PG149,PG149-S,blue,Ocean Blue,S,rashguard,nogi,adult,mens,1,,
PG149,PG149-XS,blue,Ocean Blue,XS,rashguard,nogi,adult,mens,1,,
PG150,PG150-L,green,Dark Green,L,rashguard,nogi,adult,mens,1,,
PG150,PG150-M,green,Dark Green,M,rashguard,nogi,adult,mens,1,,
PG150,PG150-S,green,Dark Green,S,rashguard,nogi,adult,mens,1,,
PG150,PG150-XS,green,Dark Green,XS,rashguard,nogi,adult,mens,1,,
PG151,PG151-L,black,Black,L,crewneck,apparel,adult,mens,1,,
PG151,PG151-M,black,Black,M,crewneck,apparel,adult,mens,1,,
PG151,PG151-S,black,Black,S,crewneck,apparel,adult,mens,1,,
PG152,PG152-L,red,Burgundy,L,rashguard,nogi,adult,mens,1,,
PG152,PG152-M,red,Burgundy,M,rashguard,nogi,adult,mens,1,,
PG152,PG152-S,red,Burgundy,S,rashguard,nogi,adult,mens,1,,
PG152,PG152-XL,red,Burgundy,XL,rashguard,nogi,adult,mens,1,,
PG152,PG152-XS,red,Burgundy,XS,rashguard,nogi,adult,mens,1,,
PG153,PG153-L,red,Burgundy,L,shorts,nogi,adult,mens,1,,
PG153,PG153-M,red,Burgundy,M,shorts,nogi,adult,mens,1,,
PG153,PG153-S,red,Burgundy,S,shorts,nogi,adult,mens,1,,
PG153,PG153-XL,red,Burgundy,XL,shorts,nogi,adult,mens,1,,
PG153,PG153-XS,red,Burgundy,XS,shorts,nogi,adult,mens,1,,
PG154,PG154-M,black,black,M,spats,nogi,kids,mens,1,Academy,1
PG154,PG154-S,black,black,S,spats,nogi,kids,mens,1,Academy,1
PG154,PG154-XS,black,black,XS,spats,nogi,kids,mens,1,Academy,1
PG154,PG154-L,black,black,L,spats,nogi,kids,mens,1,Academy,1
PG154,PG154-XL,black,black,XL,spats,nogi,kids,mens,1,Academy,1
PG155,PG155-XS,black,black,XS,shorts,nogi,adult,mens,1,Academy,1
PG155,PG155-S,black,black,S,shorts,nogi,adult,mens,1,Academy,1
PG155,PG155-M,black,black,M,shorts,nogi,adult,mens,1,Academy,1
PG155,PG155-L,black,black,L,shorts,nogi,adult,mens,1,Academy,1
PG155,PG155-XL,black,black,XL,shorts,nogi,adult,mens,1,Academy,1
PG156,PG156-L,black,black,L,rashguard,nogi,adult,mens,1,,
PG156,PG156-M,black,black,M,rashguard,nogi,adult,mens,1,,
PG156,PG156-S,black,black,S,rashguard,nogi,adult,mens,1,,
PG156,PG156-XL,black,black,XL,rashguard,nogi,adult,mens,1,,
PG156,PG156-XS,black,black,XS,rashguard,nogi,adult,mens,1,,
PG157,PG157-L,black,black,L,shorts,nogi,adult,mens,1,,
PG157,PG157-M,black,black,M,shorts,nogi,adult,mens,1,,
PG157,PG157-S,black,black,S,shorts,nogi,adult,mens,1,,
PG157,PG157-XL,black,black,XL,shorts,nogi,adult,mens,1,,
PG157,PG157-XS,black,black,XS,shorts,nogi,adult,mens,1,,
PG158,PG158-XS,blue,blue,XS,rashguard,nogi,adult,mens,1,,
PG158,PG158-S,blue,blue,S,rashguard,nogi,adult,mens,1,,
PG158,PG158-M,blue,blue,M,rashguard,nogi,adult,mens,1,,
PG158,PG158-L,blue,blue,L,rashguard,nogi,adult,mens,1,,
PG158,PG158-XL,blue,blue,XL,rashguard,nogi,adult,mens,1,,
PG159,PG159-A0,blue,blue,A0,gi,gi,adult,mens,1,,
PG159,PG159-A1,blue,blue,A1,gi,gi,adult,mens,1,,
PG159,PG159-A1L,blue,blue,A1L,gi,gi,adult,mens,1,,
PG159,PG159-A2,blue,blue,A2,gi,gi,adult,mens,1,,
PG159,PG159-A2L,blue,blue,A2L,gi,gi,adult,mens,1,,
PG159,PG159-A3,blue,blue,A3,gi,gi,adult,mens,1,,
PG159,PG159-F1,blue,blue,F1,gi,gi,adult,womens,1,,
PG159,PG159-F2,blue,blue,F2,gi,gi,adult,womens,1,,
PG159,PG159-F3,blue,blue,F3,gi,gi,adult,womens,1,,
PG160,PG160-XS,black,black,XS,rashguard,nogi,adult,mens,1,,
PG160,PG160-S,black,black,S,rashguard,nogi,adult,mens,1,,
PG160,PG160-M,black,black,M,rashguard,nogi,adult,mens,1,,
PG160,PG160-L,black,black,L,rashguard,nogi,adult,mens,1,,
PG160,PG160-XL,black,black,XL,rashguard,nogi,adult,mens,1,,
PG161,PG161-S,black,black,S,crewneck,apparel,adult,mens,1,,
PG161,PG161-M,black,black,M,crewneck,apparel,adult,mens,1,,
PG161,PG161-L,black,black,L,crewneck,apparel,adult,mens,1,,
PG162,PG162-XS,black,black,XS,rashguard,nogi,adult,mens,1,,
PG162,PG162-S,black,black,S,rashguard,nogi,adult,mens,1,,
PG162,PG162-M,black,black,M,rashguard,nogi,adult,mens,1,,
PG162,PG162-L,black,black,L,rashguard,nogi,adult,mens,1,,
PG162,PG162-XL,black,black,XL,rashguard,nogi,adult,mens,1,,
PG163,PG163-A0,white,white,A0,gi,gi,adult,mens,1,,
PG163,PG163-A1,white,white,A1,gi,gi,adult,mens,1,,
PG163,PG163-A1L,white,white,A1L,gi,gi,adult,mens,1,,
PG163,PG163-A2,white,white,A2,gi,gi,adult,mens,1,,
PG163,PG163-A2L,white,white,A2L,gi,gi,adult,mens,1,,
PG163,PG163-A3,white,white,A3,gi,gi,adult,mens,1,,
PG163,PG163-F1,white,white,F1,gi,gi,adult,womens,1,,
PG163,PG163-F2,white,white,F2,gi,gi,adult,womens,1,,
PG163,PG163-F3,white,white,F3,gi,gi,adult,womens,1,,
PG164,PG164-S,black,black,S,hoodie,apparel,adult,mens,1,,
PG164,PG164-M,black,black,M,hoodie,apparel,adult,mens,1,,
PG164,PG164-L,black,black,L,hoodie,apparel,adult,mens,1,,
PG165,PG165-S,black,black,S,jacket,apparel,adult,mens,1,,
PG165,PG165-M,black,black,M,jacket,apparel,adult,mens,1,,
PG165,PG165-L,black,black,L,jacket,apparel,adult,mens,1,,
PG166,PG166-M0,blue,Teal,M0,gi,gi,kids,mens,1,,
PG166,PG166-M00,blue,Teal,M00,gi,gi,kids,mens,1,,
PG166,PG166-M000,blue,Teal,M000,gi,gi,kids,mens,1,,
PG166,PG166-M1,blue,Teal,M1,gi,gi,kids,mens,1,,
PG166,PG166-M2,blue,Teal,M2,gi,gi,kids,mens,1,,
PG166,PG166-M3,blue,Teal,M3,gi,gi,kids,mens,1,,
PG166,PG166-M4,blue,Teal,M4,gi,gi,kids,mens,1,,
PG167,PG167-XS,blue,blue,XS,rashguard,nogi,kids,mens,1,,
PG167,PG167-S,blue,blue,S,rashguard,nogi,kids,mens,1,,
PG167,PG167-M,blue,blue,M,rashguard,nogi,kids,mens,1,,
PG167,PG167-L,blue,blue,L,rashguard,nogi,kids,mens,1,,
PG167,PG167-XL,blue,blue,XL,rashguard,nogi,kids,mens,1,,
PG168,PG168-XS,blue,Navy Blue,XS,rashguard,nogi,adult,mens,1,,
PG168,PG168-S,blue,Navy Blue,S,rashguard,nogi,adult,mens,1,,
PG168,PG168-M,blue,Navy Blue,M,rashguard,nogi,adult,mens,1,,
PG168,PG168-L,blue,Navy Blue,L,rashguard,nogi,adult,mens,1,,
PG168,PG168-XL,blue,Navy Blue,XL,rashguard,nogi,adult,mens,1,,
PG169,PG169-XS,blue,Navy Blue,XS,rashguard,nogi,adult,mens,1,,
PG169,PG169-S,blue,Navy Blue,S,rashguard,nogi,adult,mens,1,,
PG169,PG169-M,blue,Navy Blue,M,rashguard,nogi,adult,mens,1,,
PG169,PG169-L,blue,Navy Blue,L,rashguard,nogi,adult,mens,1,,
PG169,PG169-XL,blue,Navy Blue,XL,rashguard,nogi,adult,mens,1,,
PG170,PG170-XS,blue,Navy Blue,XS,shorts,nogi,adult,mens,1,,
PG170,PG170-S,blue,Navy Blue,S,shorts,nogi,adult,mens,1,,
PG170,PG170-M,blue,Navy Blue,M,shorts,nogi,adult,mens,1,,
PG170,PG170-L,blue,Navy Blue,L,shorts,nogi,adult,mens,1,,
PG170,PG170-XL,blue,Navy Blue,XL,shorts,nogi,adult,mens,1,,
PG171,PG171-XS,white,picture,XS,rashguard,nogi,adult,mens,1,,
PG171,PG171-S,white,picture,S,rashguard,nogi,adult,mens,1,,
PG171,PG171-M,white,picture,M,rashguard,nogi,adult,mens,1,,
PG171,PG171-L,white,picture,L,rashguard,nogi,adult,mens,1,,
PG171,PG171-XL,white,picture,XL,rashguard,nogi,adult,mens,1,,
PG172,PG172-XS,white,picture,XS,shorts,nogi,kids,mens,1,,
PG172,PG172-S,white,picture,S,shorts,nogi,kids,mens,1,,
PG172,PG172-M,white,picture,M,shorts,nogi,kids,mens,1,,
PG172,PG172-L,white,picture,L,shorts,nogi,kids,mens,1,,
PG172,PG172-XL,white,picture,XL,shorts,nogi,kids,mens,1,,
